feature,importance_mean,importance_std
marital-status,0.0827011222789079,0.001847813771223
capital-gain,0.0580683813064892,0.0014245442295957
age,0.0523995935041796,0.0014420034478311
education-num,0.0312114449462041,0.0008271941500052
capital-loss,0.0153348460704275,0.0004914112110317
hours-per-week,0.0133848168562849,0.0009033317554995
occupation,0.0119477532083456,0.0005556939790074
relationship,0.0038275318708766,0.0003010846171607
workclass,0.0024079538439544,0.0002360955891293
sex,0.0019454848693879,0.0001299752561877
native-country,0.0005816238546873,0.0001826373484078
race,0.000272935994507,0.0001347074041078
